genus,species,ID,specimen,year,latitude,longitude,X28mVampl,X44mVampl,X15Nair,p13C,N,C,CN,A13c,Aco2,wue,delta,ci_ca,ci,mat,map,X25lflt_g_mean,X25lflt_cm2_mean,SLA,Leaflets,lifehistory,rangesize,deciduousness,tip_assignment,,bio1,bio2,bio3,bio4,bio5,bio6,bio7,bio8,bio9,bio10,bio11,bio12,bio13,bio14,bio15,bio16,bio17,bio18,bio19
Dalea,albiflora,11,SEW 1615,2020,32.3685,-110.71667,3656,7178,-1,-23.4,1.81,43.21,23.87292818,-8.78,414.25,137.8125303,14.97030514,0.467712617,193.7499515,,,0.00048,0.040732,84.858333,17,2,3.03E+11,2,Dalea_albiflora_84,,235,148,71,1350,338,130,208,239,217,251,216,1357,296,1,98,731,11,456,33
Dalea,albiflora,11,SEW 1615,2020,32.3685,-110.71667,3562,7090,-0.87,-23.3,1.98,48.37,24.42929293,-8.78,414.25,139.0030216,14.86638681,0.463114461,191.8451654,,,0.00048,0.040732,84.858333,17,2,3.03E+11,2,Dalea_albiflora_84,,191,152,71,1315,293,81,212,198,174,206,172,888,198,3,96,500,12,332,18
Dalea,albiflora,12,SEW 1611,2020,31.70474,-110.86748,5218,6541,-2.01,-28.2,2.71,43.05,15.88560886,-8.48,415.75,77.12253098,20.2922412,0.703196513,292.3539504,,,0.00036,0.042673,118.53611,17,2,3.03E+11,2,Dalea_albiflora_84,,222,128,69,1562,310,126,184,233,208,238,199,1088,223,10,97,638,33,315,35
Dalea,albiflora,12,SEW 1611,2020,31.70474,-110.86748,6923,8078,-1.95,-28.1,2.09,33.78,16.16267943,-8.48,415.75,78.32952978,20.18726206,0.698551419,290.4227523,,,0.00036,0.042673,118.53611,17,2,3.03E+11,2,Dalea_albiflora_84,,162,138,70,1379,260,64,196,169,155,179,143,867,172,8,86,467,30,264,59
Dalea,brandegei,7,SEW 1559,2019,24.622655,-112.134372,6788,7375,0.98,-28.2,3.22,47.35,14.70496894,-8.75,414.06,79.99045756,20.01440626,0.690902932,286.0752679,210,69,0.00072,0.051956,72.161111,8,3,44236644313,1,Dalea_brandegeii_14,,263,150,67,1711,374,152,222,263,254,287,241,790,168,1,102,473,14,220,25
Dalea,brandegei,7,SEW 1559,2019,24.622655,-112.134372,6615,7231,1.01,-28.2,3.24,47.47,14.65123457,-8.75,414.06,79.99045756,20.01440626,0.690902932,286.0752679,210,69,0.00072,0.051956,72.161111,8,3,44236644313,1,Dalea_brandegeii_14,,214,127,66,1511,318,126,192,209,210,236,197,1126,230,3,105,683,15,91,30
Dalea,candida,1,M Lavin s.n.,2005,47.729672,-107.683173,7650,8611,-1.59,-26.4,2.88,42.85,14.87847222,-8.083,376.265,85.1832204,18.81368118,0.637773504,239.9718474,61,315,0.003516,0.2446,69.567691,4,2,2.13E+12,1,Dalea_candida_95,,226,139,66,1629,340,132,208,221,237,249,208,1139,258,1,113,728,12,49,20
Dalea,candida,1,M Lavin s.n.,2005,47.729672,-107.683173,12223,11517,-1.46,-25.9,3,45.15,15.05,-8.083,376.265,90.62482059,18.2907299,0.614634067,231.2652871,61,315,0.003516,0.2446,69.56769056,4,2,2.13E+12,1,Dalea_candida_95,,230,162,70,1729,347,118,229,237,238,253,207,921,195,4,102,543,21,270,34
Dalea,candida,2,1057 D.E. Brink,1976,45.011918,-106.863401,4519,6220,-2.49,-25.7,2.33,35.51,15.24034335,-7.28,333.63,74.68033389,18.90588115,0.641853148,214.1414658,,,0.0035,0.34064448,97.32699429,4,2,2.13E+12,1,Dalea_candida_95,,280,158,66,1816,398,161,237,283,280,304,255,757,173,2,107,494,9,158,24
Dalea,candida,2,1057 D.E. Brink,1976,45.011918,-106.863401,6444,7630,-2.33,-26,2.7,42.72,15.82222222,-7.28,333.63,71.78477074,19.21971253,0.655739492,218.7743668,,,0.0035,0.34064448,97.326994,4,2,2.13E+12,1,Dalea_candida_95,,280,158,66,1816,398,161,237,283,280,304,255,757,173,2,107,494,9,158,24
Dalea,candida,3,M Lavin s.n.,2020,45.908515,-109.777778,4374,5927,-0.97,-26.4,2.2,36.16,16.43636364,-8.28,415.75,96.44871851,18.61133936,0.628820326,261.4320504,68,395,0.00276,0.20903184,75.736174,4,2,2.13E+12,1,Dalea_candida_95,,253,135,71,1463,339,151,188,265,240,269,233,837,196,2,107,568,9,308,31
Dalea,candida,3,M Lavin s.n.,2020,45.908515,-109.777778,4741,6397,-0.96,-26.3,2.33,39.5,16.9527897,-8.28,415.75,97.65150121,18.50672692,0.624191457,259.5075981,68,395,0.00276,0.20903184,75.736174,4,2,2.13E+12,1,Dalea_candida_95,,253,135,71,1463,339,151,188,265,240,269,233,837,196,2,107,568,9,308,31
Dalea,mollis,205,sew 1736,2022,26.4213,-112.68653,5461,7324,-2.63,-27.54,3.07,46.25,15.06514658,-9,423.14,92.85381915,19.06505152,0.648896085,274.5738894,,,0.001291667,0.057,44.12902087,6,1,5.81E+11,1,Dalea_mollis_16,,201,142,66,1592,303,90,213,211,192,219,178,712,165,2,104,472,8,290,33
Dalea,mollis,,SEW 1732,2022,26.342296,-111.860716,3965,6540,-2.21,-26.51,2.47,44.44,17.99190283,-9,423.14,105.4710282,17.98683089,0.601187207,254.3863549,,,0.00129,0.092,71.31782946,6,1,5.81E+11,1,Dalea_mollis_16,,201,142,66,1592,303,90,213,211,192,219,178,712,165,2,104,472,8,290,33
Dalea,mollis,195,sew 1715,2022,29.21108,-114.14712,5068,5373,-1.71,-27.67,4.12,45.72,11.09708738,-9,423.14,91.25945605,19.20129997,0.654924777,277.1248703,,,0.00104,0.065,62.5,6,1,5.81E+11,1,Dalea_mollis_16,,195,151,64,1937,307,74,233,212,187,216,166,726,160,4,92,423,15,337,55
Dalea,mollis,6,SEW 1567,2020,27.160833,-112.143889,6774,6640,-1.65,-26.9,3.38,43.32,12.81656805,-8.84,414.25,96.69754746,18.55924365,0.626515206,259.5339241,,,0.000564,0.049290224,87.394014,6,1,5.81E+11,1,Dalea_mollis_16,,185,121,59,2653,284,79,205,205,157,213,148,2563,478,54,76,1333,186,940,196
Dalea,mollis,6,SEW 1567,2020,27.160833,-112.143889,7027,6653,-1.59,-26.9,3.32,41.15,12.39457831,-8.84,414.25,96.69754746,18.55924365,0.626515206,259.5339241,,,0.000564,0.049290224,87.394014,6,1,5.81E+11,1,Dalea_mollis_16,,194,148,62,2198,310,74,236,213,188,218,162,717,181,5,108,463,18,355,29
Dalea,mollis,195,sew 1715,2022,26.342296,-111.860716,5792,5816,-1.09,-26.89,4.4,47.68,10.83636364,-9,423.14,100.8192448,18.38435531,0.618776784,261.8292083,,,0.00104,0.065,62.5,6,1,5.81E+11,1,Dalea_mollis_16,,202,154,66,2155,312,81,231,221,188,224,171,1095,251,9,100,687,33,656,68
Dalea,mollis,308,SEW 1757,2022,27.50943,-114.32548,3924,7012,2.42,-25.99,2.2,44.25,20.11363636,-9,423.14,111.8307445,17.44335274,0.577139502,244.2108087,,,0.00068,0.038,55.88235294,6,1,5.81E+11,1,Dalea_mollis_16,,162,139,64,1896,269,54,215,176,152,184,135,1212,306,5,103,771,28,530,72
Dalea,pogonanthera,43,Jones s.n.,1930,29.366321,-100.894014,5713,6412,0.3,-25.24,2.89,43.5,15.05190311,-6.72,305,67.48168349,18.99954861,0.645997726,197.0293064,,,0.0013,0.04903216,37.71704615,3,2,1.73E+11,2,Dalea_pogonanthera_226,,162,139,64,1896,269,54,215,176,152,184,135,1212,306,5,103,771,28,530,72
Dalea,pulchra,20,sew 1614,2020,32.33819,-110.69164,4801,7333,-0.61,-24.8,2.32,46.22,19.92241379,-8.78,415.75,121.5585911,16.42739951,0.532185819,221.2562542,144,558,0.000496,0.040088,80.822581,3,3,1.38E+11,2,Dalea_pulchra_134,,220,164,63,2533,345,87,258,245,206,247,183,831,230,5,114,578,22,398,42
Dalea,pulchra,20,sew 1614,2020,32.33819,-110.69164,5324,7969,-0.55,-24.7,2.22,44.85,20.2027027,-8.78,415.75,122.756826,16.32318261,0.527574452,219.3390783,144,558,0.000496,0.040088,80.822581,3,3,1.38E+11,2,Dalea_pulchra_134,,232,179,63,2558,370,90,280,254,227,261,196,878,237,5,116,618,20,195,31
Dalea,purpurea,14,M Lavin sn,2020,45.392329,-109.871891,2827,6482,-1.9,-26.2,1.53,39.76,25.9869281,-8.28,415.75,98.85403688,18.40213596,0.619563538,257.583541,53,510,0.000984,0.1088488,110.6187,5,2,1.82E+12,2,Dalea_purpurea_94,,200,159,63,2297,324,75,249,221,190,225,167,816,221,5,112,559,23,379,43
Dalea,purpurea,15,Welker s.n.,1981,46.252809,-105.732331,8486,9106,3.4,-26.9,2.51,39.8,15.85657371,-7.533,338.215,66.38616222,19.90237386,0.685945746,231.9971404,75,334,0.001188,0.059592,50.161616,3,2,1.82E+12,2,Dalea_purpurea_94,,200,159,63,2297,324,75,249,221,190,225,167,816,221,5,112,559,23,379,43
Dalea,purpurea,15,J Welker s.n.,1981,46.252809,-105.732331,8658,9058,3.46,-26.8,2.62,40.55,15.47709924,-7.533,338.215,67.36637632,19.79757501,0.681308629,230.4287979,75,334,0.001188,0.059592,50.161616,5,2,1.82E+12,2,Dalea_purpurea_94,,222,143,67,2182,320,108,212,244,217,245,193,1158,306,4,117,824,17,761,37
Dalea,purpurea,14,M Lavin sn,2020,45.392329,-109.871891,2206,5188,-1.97,-26.3,1.49,36.24,24.32214765,-8.28,415.75,97.65150121,18.50672692,0.624191457,259.5075981,53,510,0.000984,0.1088488,110.6187,5,2,1.82E+12,2,Dalea_purpurea_94,,219,158,64,2383,336,92,244,240,204,244,185,1009,285,4,116,701,22,463,58
Dalea,purpurea,13,M Lavin s.n.Â,2014,45.679118,-110.823551,3454,6240,-1.67,-26.7,1.83,39.2,21.42076503,-8.313,395.825,88.76068696,18.89140039,0.641212407,253.8079009,40,635,0.001552,0.11932,76.881443,5,2,1.82E+12,2,Dalea_purpurea_94,,169,168,64,2712,295,33,262,195,160,200,131,675,181,4,102,435,20,318,43
Dalea,purpurea,13A,M Lavin s.n.Â,2014,45.679118,-110.823551,4201,7284,-1.67,-26.6,1.93,42.11,21.81865285,-8.313,395.825,89.90649365,18.78672694,0.636580838,251.9746102,40,635,0.01552,1.1932,76.8814433,5,2,1.82E+12,2,Dalea_purpurea_94,,175,163,65,2517,297,48,249,197,151,202,139,496,95,9,81,256,34,152,34
Dalea,versicolor,88,Sanders 4956,1984,23.63333,-105.84167,3269,13622,-1.52,-28.56,2.02,51.35,25.42079208,-7.615,342.625,51.53800351,21.56077576,0.759326361,260.1641944,,,0.00029,0.018,62.06896552,17,3,6.93E+11,2,Dalea_versicolor_96,,175,163,65,2517,297,48,249,197,151,202,139,496,95,9,81,256,34,152,34
Dalea,versicolor,8,SEW 1612,2020,31.38965,-111.12643,5785,7692,-0.86,-27.7,2.43,42.09,17.32098765,-8.48,415.75,83.15504221,19.76756145,0.679980595,282.7019325,156,522,0.000616,0.0429,69.642857,17,3,6.93E+11,2,Dalea_versicolor_96,,152,155,62,2837,273,23,250,173,138,185,112,541,141,1,102,354,11,210,55
Dalea,versicolor,8,SEW 1612,2020,31.38965,-111.12643,8282,9969,-0.82,-27.5,2.49,43.95,17.65060241,-8.48,415.75,85.56630983,19.55784062,0.670700912,278.8439043,156,522,0.000616,0.0429,69.642857,17,3,6.93E+11,2,Dalea_versicolor_96,,180,159,60,3294,303,42,261,214,188,216,133,631,160,4,105,415,20,270,59
Marina,alamosana,347,Van Devender 90-649,1990,27.58,-108.88,3541,6547,-2.15,-29.9,2.01,40.67,20.23383085,-7.6975,351.3,39.96022158,22.88681579,0.818000699,287.3636455,,,0.000557143,0.08,143.5897068,12,2,65643451169,1,Marina_alamosana_32,,180,159,60,3294,303,42,261,214,188,216,133,631,160,4,105,415,20,270,59
Marina,alamosana,388,Sanders 13270,1993,27.02,-108.95,3750,5862,-1.51,-27.1,2.68,45.42,16.94776119,-8.08,360.28,74.23003904,19.54979957,0.670345114,241.5119375,,,0.000361111,0.027,74.76925378,12,2,65643451169,1,Marina_alamosana_32,,239,130,56,3911,342,110,232,277,222,287,189,270,87,1,113,187,3,170,20
Marina,alamosana,349,Van Devender 97-1250,1997,28.3697,-108.6464,4384,6669,-1.18,-28.81,2.5,43.45,17.38,-7.7,358.07,52.12393587,21.73622051,0.767089403,274.6717026,,,0.0003,0.024,80,12,2,65643451169,1,Marina_alamosana_32,,239,130,56,3911,342,110,232,277,222,287,189,270,87,1,113,187,3,170,20
Marina,alamosana,385,reina 2009-1020,2009,29.395833,-109.140278,4194,4386,2.73,-27.52,3.96,43.69,11.03282828,-8.01,382.2,73.33135636,20.06210925,0.693013683,264.8698298,,,0.000271429,0.029,106.8419366,12,2,65643451169,1,Marina_alamosana_32,,239,130,56,3911,342,110,232,277,222,287,189,270,87,1,113,187,3,170,20
Marina,calycosa,21,SEW 1604,2020,31.38997,-110.73927,4245,7684,-1.99,-27.8,1.82,42.55,23.37912088,-8.48,414.25,81.65336937,19.87245423,0.684621868,283.604609,140,588,0.000304,0.011004,36.197368,12,2,1.16E+11,2,Marina_calycosa_PatagoniaMtns_98,,239,130,56,3911,342,110,232,277,222,287,189,270,87,1,113,187,3,170,20
Marina,calycosa,21,SEW 1604,2020,31.38997,-110.73927,4432,8037,-1.94,-27.8,1.78,41.92,23.5505618,-8.48,414.25,81.65336937,19.87245423,0.684621868,283.604609,140,588,0.000304,0.011004,36.197368,12,2,1.16E+11,2,Marina_calycosa_PatagoniaMtns_98,,194,132,58,3628,298,73,225,239,205,239,148,410,124,0,118,289,4,289,54
Marina,calycosa,54,Reina 2010-548,2010,31.3175,-108.9986111,6233,7175,-1.41,-27.48,3.32,43.57,13.12349398,-8.59,394.94,82.74773854,19.42376506,0.664768366,262.5436183,,,0.004,0.0774192,19.3548,12,2,1.16E+11,2,Marina_calycosa_PatagoniaMtns_98,,194,132,58,3628,298,73,225,239,205,239,148,410,124,0,118,289,4,289,54
Marina,capensis,19,SEW 1563,2019,23.40243,-110.20385,6623,7145,-0.56,-27.3,3.09,44.45,14.38511327,-8.75,414.06,90.7974477,19.07062815,0.649142838,268.7840837,226,155,0.000264,0.020554,77.856061,18,1,3.38E+10,2,Marina_capensis_SEW_10,,230,128,59,3449,336,121,215,274,216,279,190,122,31,0,90,70,2,67,21
Marina,capensis,19,SEW 1563,2019,23.40243,-110.20385,6648,7153,-0.54,-27.3,3.21,46.18,14.38629283,-8.75,414.06,90.7974477,19.07062815,0.649142838,268.7840837,226,155,0.000264,0.020554,77.856061,18,1,33795538184,2,Marina_capensis_SEW_10,,230,128,59,3449,336,121,215,274,216,279,190,122,31,0,90,70,2,67,21
Marina,capensis,76,Rebman 30796,2015,23.40406,-110.20453,4126,10883,2.31,-29.36,2.78,32.64,11.74100719,-8.51,401.43,61.2727771,21.48067255,0.755781971,303.3935566,226,155,0.0013,0.0838708,64.516,18,1,33795538184,2,Marina_capensis_SEW_10,,227,129,59,3447,334,118,216,272,212,276,188,146,39,0,96,86,2,85,25
Marina,chrysorrhiza,30,SEW(1562),2019,23.53487,-110.068102,4602,7332,-1,-29.7,2.17,43.97,20.26267281,-8.75,414.06,61.9342562,21.59126043,0.76067524,314.9651901,207,423,0.00034,0.032252,94.85882353,12,1,33795538184,2,Marina_chrysorrhiza_SierradelNovillo_156,,227,129,59,3447,334,118,216,272,212,276,188,146,39,0,96,86,2,85,25
Marina,chrysorrhiza,23,SEW (1564),2019,23.23837,-109.95332,2445,5211,-1.74,-29.1,1.42,33.16,23.35211268,-8.75,414.06,69.16343181,20.95993408,0.732740446,303.3985091,194,410,0.00192,0.01152,60,12,1,33795538184,2,Marina_chrysorrhiza_SierradelNovillo_156,,226,130,59,3444,334,117,217,271,213,276,187,155,42,0,102,92,2,91,26
Marina,chrysorrhiza,23,SEW (1564),2019,23.23837,-109.95332,2555,5408,-1.55,-29.1,1.47,34.11,23.20408163,-8.75,414.06,69.16343181,20.95993408,0.732740446,303.3985091,194,410,0.00192,0.01152,60,12,1,33795538184,2,Marina_chrysorrhiza_SierradelNovillo_156,,226,130,59,3444,334,117,217,271,213,276,187,155,42,0,102,92,2,91,26
Marina,chrysorrhiza,22,SEW (1566),2020,23.181052,-109.47574,6813,8520,-0.78,-28.7,2.7,47.34,17.53333333,-8.84,414.25,75.07337452,20.44682384,0.710036453,294.1326008,239,270,0.00026,0.009176,35.292308,12,1,33795538184,2,Marina_chrysorrhiza_SierradelNovillo_156,,226,130,59,3444,334,117,217,271,213,276,187,155,42,0,102,92,2,91,26
Marina,chrysorrhiza,22,SEW (1566),2020,23.181052,-109.475742,9238,10584,-0.74,-28.6,2.6,46.05,17.71153846,-8.84,414.25,76.27681987,20.34177476,0.705388264,292.2070882,239,270,0.00026,0.009176,35.292308,12,1,33795538184,2,Marina_chrysorrhiza_SierradelNovillo_156,,172,116,59,2818,266,70,196,198,176,204,133,1246,304,7,93,775,42,674,156
Marina,chrysorrhiza,30,SEW(1562),2019,23.53487,-110.068102,5094,7933,-1.02,-29.7,2.19,45.15,20.61643836,-8.75,414.06,61.9342562,21.59126043,0.76067524,314.9651901,207,423,0.00034,0.032252,94.858824,12,1,33795538184,2,Marina_chrysorrhiza_SierradelNovillo_157,,172,116,59,2818,266,70,196,198,176,204,133,1246,304,7,93,775,42,674,156
Marina,chrysorrhiza,47,Rebman 30948,2015,23.7934,-110.10265,4670,6786,-0.84,-28,2.9,47.5,16.37931034,-8.318,402.74,75.19107692,20.24897119,0.701281911,282.4342769,,,0.000075,0.005251602,70.02136533,12,1,33795538184,2,Marina_chrysorrhiza_SierradelNovillo_158,,239,142,54,4672,359,98,261,285,249,298,180,277,101,0,124,202,3,193,34
Marina,chrysorrhiza,47,Rebman 30948,2015,23.7934,-110.10265,5391,6611,-0.87,-28.45,2.98,49.47,16.60067114,-8.318,402.74,69.927877,20.72152746,0.72219148,290.8553968,,,0.000075,0.005251602,70.02136533,12,1,33795538184,2,Marina_chrysorrhiza_SierradelNovillo_159,,214,76,31,5969,325,84,241,271,186,281,131,1284,252,33,62,611,120,510,173
Marina,chrysorrhiza,322,SEW 1737,2022,26.42049,-112.6859,4060,8075,-2.72,-29.3,1.89,45.81,24.23809524,-9,423.14,71.23234972,20.91274338,0.730652362,309.1682405,,,0.00031,0.023,74.19354839,12,1,33795538184,2,Marina_chrysorrhiza_SierradelNovillo_160,,207,140,59,3792,318,82,236,257,215,257,160,423,135,0,128,317,3,317,51
Marina,chrysorrhiza,305,SEW 1750,2022,23.65027,-109.92284,4340,7411,-0.88,-27.24,2.36,44.7,18.94067797,-9,423.14,96.53149221,18.750771,0.634989867,268.6896125,,,0.0004,0.029,72.5,12,1,33795538184,2,Marina_chrysorrhiza_SierradelNovillo_161,,207,140,59,3792,318,82,236,257,215,257,160,423,135,0,128,317,3,317,51
Marina,chrysorrhiza,206,SEW 1737,2022,26.42049,-112.6859,4630,8169,-0.32,-27.25,2.4,47.27,19.69583333,-9,423.14,96.40893965,18.7612439,0.63545327,268.8856966,,,0.000149091,0.011,73.78044282,12,1,33795538184,2,Marina_chrysorrhiza_SierradelNovillo_162,,156,119,59,2904,253,52,201,183,158,189,115,1221,285,9,90,740,49,653,165
Marina,crenulata,82,Sanders 13486,1993,26.98333,-108.9766,2275,10931,-1.74,-26.44,2.64,52.48,19.87878788,-8.08,360.28,81.11658403,18.85862196,0.639762034,230.4934656,,,0.0022,0.0193548,8.797636364,14,2,1.25E+11,1,Marina_crenulata_Sinaloa_210,,196,141,59,3855,307,69,238,243,183,243,147,452,137,1,123,328,6,328,55
Marina,crenulata,61,Fishbein 1913,1994,26.983333,-108.975,3422,5530,-1.63,-30.22,2.73,46.68,17.0989011,-7.6,352.87,35.86394823,23.32487781,0.837383974,295.4876828,,,0.001,0.0774192,77.4192,14,2,1.25E+11,1,Marina_crenulata_Sinaloa_210,,196,141,59,3855,307,69,238,243,183,243,147,452,137,1,123,328,6,328,55
Marina,crenulata,61,Fishbein 1913,1994,26.98,-108.975,6146,9593,0.76,-30.17,4.09,49.86,12.19070905,-7.6,352.87,36.37879055,23.27211986,0.835049551,294.6639351,,,0.001,0.0774192,77.4192,14,2,1.25E+11,1,Marina_crenulata_Sinaloa_210,,196,142,59,3890,308,68,240,244,184,244,147,455,138,1,125,331,6,331,55
Marina,crenulata,134,Steinmann 94-38,1994,26.983333,-108.979167,6916,9092,5.67,-23.09,3.19,47.86,15.0031348,-8.17,363.05,117.7438079,15.27264538,0.481090504,174.6599073,,,0.001,0.0193548,19.3548,14,2,1.25E+11,1,Marina_crenulata_Sinaloa_210,,210,143,59,4011,325,83,242,262,194,262,160,421,132,1,127,317,5,317,51
Marina,diffusa,370,Johnson 471-73,1973,20.400437,-104.62103,5911,6527,-0.66,-26.5,2.98,42.77,14.35234899,-7.28,327.9,65.80493561,19.74319466,0.678902419,222.612103,,,0.000153333,0.012,78.2610397,14,2,3.41E+11,1,Marina_diffusa_diffusa_SonoraMontezcuma_133,,210,143,59,4011,325,83,242,262,194,262,160,421,132,1,127,317,5,317,51
Marina,diffusa,370,Johnson 471-73,1973,20.400437,-104.62103,6504,7070,-0.67,-26.4,3.14,45.49,14.48726115,-7.28,327.9,66.7547161,19.63845522,0.67426793,221.0924542,,,0.000153333,0.012,78.2610397,14,2,3.41E+11,1,Marina_diffusa_diffusa_SonoraMontezcuma_134,,203,142,59,3960,318,78,240,254,212,254,153,436,133,1,123,322,6,322,56
Marina,diffusa,87,Condit s.n.,1952,21.0361,-104.3717,1883,10636,-2.23,-26.8,1.61,35.93,22.31677019,-6.87,312.5,56.35687987,20.47883272,0.711452775,222.3289922,,,0.0005,0.019,38,14,2,3.41E+11,1,Marina_diffusa_diffusa_SonoraMontezcuma_135,,227,136,58,3898,346,112,234,274,222,281,181,65,20,0,91,36,0,30,17
Marina,diffusa,377,Joyal 1827,1991,28.38,-108.77,6422,6645,-0.89,-28.01,3.9,45.21,11.59230769,-8,353.95,62.77687398,20.58663155,0.716222635,253.5070016,,,0.000204,0.018,88.23529412,14,2,3.41E+11,1,Marina_diffusa_diffusa_SonoraMontezcuma_136,,214,144,58,4242,332,84,248,268,224,268,160,400,121,1,122,294,4,294,50
Marina,diffusa,367,McVaugh 386,1959,20.2896,-103.381,5647,5976,-0.63,-26.78,4.03,46.92,11.6426799,-6.96,319.2,58.56662347,20.36538501,0.706432965,225.4934025,,,0.00027,0.018,66.66666667,14,2,3.41E+11,1,Marina_diffusa_diffusa_SonoraMontezcuma_137,,211,145,58,4197,329,81,248,264,222,264,157,431,134,1,126,321,4,321,52
Marina,diffusa,369,Rinehart 7334,1967,19.8438,-103.501,4167,6875,-2.01,-26.97,2.31,42.95,18.59307359,-7.07,323.5,58.58446253,20.45157909,0.710246862,229.76486,,,0.0003,NA,NA,14,2,3.41E+11,1,Marina_diffusa_diffusa_SonoraMontezcuma_138,,211,145,58,4197,329,81,248,264,222,264,157,431,134,1,126,321,4,321,52
Marina,diffusa,56,Sanders 12948,1992,26.96667,-108.96667,4814,6226,0.05,-27.5,3.01,43.57,14.47508306,-7.77,354.18,65.74350928,20.28791774,0.70300521,248.9903851,,,0.0002,0.0387096,193.548,14,2,3.41E+11,1,Marina_diffusa_diffusa_SonoraMontezcuma_139,,236,141,55,4630,359,104,255,296,243,296,179,205,50,0,102,138,1,138,18
Marina,diffusa,181,JLLL 8773,1997,28.4864,-109.3758,4095,13499,-0.99,-26.89,2.9,53,18.27586207,-8.04,364.58,76.91989655,19.37088305,0.662428453,241.5081655,,,0.000555,0.0580644,104.6205405,14,2,3.41E+11,1,Marina_diffusa_diffusa_SonoraMontezcuma_140,,236,141,55,4630,359,104,255,296,243,296,179,205,50,0,102,138,1,138,18
Marina,divaricata,84,Rebman 29189,2014,23.94127,-110.17766,4061,14002,-0.58,-26.06,3.42,71.96,21.04093567,-8.42,398.88,98.04330653,18.11199869,0.606725606,242.0107095,,,0.0012,0.064516,53.76333333,14,2,67233118972,1,Marina_divaricata_SierradelNovillo_86,,226,145,56,4538,349,92,257,283,237,283,169,318,89,0,114,226,2,226,44
Marina,divaricata,68,Rebman 31140,2016,23.69013,-109.92318,5843,10445,-1.2,-27.65,3.58,52.63,14.70111732,-8.68,406.54,84.21498695,19.5094359,0.668559111,271.7960209,,,0.00053,0.0193548,36.51849057,14,2,6.72E+10,1,Marina_divaricata_SierradelNovillo_87,,210,107,54,3226,315,118,197,178,196,257,175,69,15,0,77,32,1,24,23
Marina,divaricata,215,SEW 1749,2022,23.65027,-109.92284,4341,5771,-1.94,-30.35,3.08,44.02,14.29220779,-9,423.14,58.29579642,22.01825401,0.779568761,329.8667257,,,0.0004,0.038,95,14,2,67233118972,1,Marina_divaricata_SierradelNovillo_88,,210,107,54,3226,315,118,197,178,196,257,175,69,15,0,77,32,1,24,23
Marina,divaricata,214,SEW 1751,2022,24.0485,-110.9724,3821,6944,3.01,-26.4,2.19,41.74,19.05936073,-9,423.14,106.8169193,17.87181594,0.59609805,252.2329291,,,3.67E-04,0.047,128.0653951,14,2,67233118972,1,Marina_divaricata_SierradelNovillo_89,,213,147,59,4066,336,87,249,268,213,268,164,239,70,0,110,162,3,162,43
Marina,divaricata,207,Sew 1748,2022,23.52833,109.57486,4980,6553,-1.43,-27.1,3.14,45.61,14.52547771,-9,423.14,98.24696345,18.60417309,0.628503234,265.9448585,,,0.0002,0.038,190,14,2,67233118972,1,Marina_divaricata_SierradelNovillo_90,,213,147,59,4066,336,87,249,268,213,268,164,239,70,0,110,162,3,162,43
Marina,evanescens,48,Rebman 25119,2012,28.48366,-113.45391,5424,6987,-1.31,-27.66,3.23,45.57,14.10835913,-8.263,397.78,77.56728319,19.94878335,0.687999263,273.6723469,,,0.00033,0.1096772,332.3551515,6,1,99549535439,1,Marina_evanescens_BahiadeLosAngeles_38,,220,148,56,4445,349,88,261,280,223,280,166,223,60,1,105,147,4,147,48
Marina,evanescens,341,HS Gentry 4699,1939,27.91928,-110.897551,4826,7438,-0.76,-26.83,3.11,55.81,17.94533762,-6.77,309,54.57876502,20.61304808,0.717391508,221.673976,,,0.0008875,0.155,174.6478873,6,1,99549535439,1,Marina_evanescens_BahiadeLosAngeles_39,,220,148,56,4445,349,88,261,280,223,280,166,223,60,1,105,147,4,147,48
Marina,evanescens,48,Jon Rebman 25119,2012,28.48366,-113.45391,7882,7698,-1.25,-27.55,3.06,42.19,13.7875817,-8.263,397.78,78.83644878,19.83341046,0.682894268,271.6416819,,,0.00033,0.1096772,332.3551515,6,1,99549535439,1,Marina_evanescens_BahiadeLosAngeles_40,,226,148,58,4066,355,102,253,179,219,284,179,66,15,0,81,33,0,22,33
Marina,evanescens,395,Sanders 2510,1982,27.96806,-111.0625,2370,3801,-1.55,-26.47,2.05,32.96,16.07804878,-7.82,345.38,74.91108695,19.15708812,0.652968501,225.5222609,,,0.00033,0.018,54.54545455,6,1,99549535439,1,Marina_evanescens_BahiadeLosAngeles_41,,155,172,58,3998,298,3,295,191,135,201,100,538,125,5,101,357,22,303,53
Marina,ghiesbreghtii,378,Martinez 14298,1985,16.609838,-93.384802,3312,4871,-0.54,-28.52,2.9,45.58,15.71724138,-7.65,344.56,52.5731648,21.48268621,0.755871071,260.4429363,,,0.0004,0.048,120,5,3,35291216878,2,Marina_ghiesbreghtii_109,,218,150,57,4330,352,92,260,279,219,279,167,173,43,0,96,104,1,104,45
Marina,goldmanii,354,Reina 97-107,1997,28.497073,-109.395083,6835,5979,-0.04,-26.46,3.52,33.54,9.528409091,-8.18,366.26,83.29138254,18.77683506,0.636143144,232.9937879,,,0.000916667,0.029,31.63635213,15,2,21651312442,2,Marina_goldmanii_28,,218,150,57,4330,352,92,260,279,219,279,167,173,43,0,96,104,1,104,45
Marina,goldmanii,353,Van Devender 95-313,1995,27.406944,-108.783333,2956,4437,-1.28,-28.39,2.26,35.01,15.49115044,-8.19,364.86,62.65749291,20.79023476,0.725231627,264.6080113,,,0.00092,0.037,40.2173913,15,2,21651312442,2,Marina_goldmanii_29,,218,150,57,4330,352,92,260,279,219,279,167,173,43,0,96,104,1,104,45
Marina,goldmanii,49,Vandevender 2009-1123,2009,29.353889,-109.127222,3246,4968,-0.55,-30.15,2.66,42.49,15.97368421,-8.01,382.2,44.09386846,22.82827241,0.815410284,311.6498105,,,0.0001,0.0387096,387.096,15,2,21651312442,2,Marina_goldmanii_30,,218,150,57,4330,352,92,260,279,219,279,167,173,43,0,96,104,1,104,45
Marina,goldmanii,49,Vandevender 2009-1123,2009,29.353889,-109.127222,10748,10073,-0.51,-30.13,2.81,45.57,16.21708185,-8.01,382.2,44.31680511,22.80718034,0.814477006,311.2931118,,,0.0001,0.0387096,387.096,15,2,21651312442,2,Marina_goldmanii_31,,218,149,57,4342,352,92,260,278,220,278,166,174,44,0,97,105,1,105,45
Marina,gracillima,357,Jenkins 96-146,1996,21.073333,-104.266667,1711,3100,-1.08,-28.35,2.59,46.32,17.88416988,-8.06,364.69,61.70275597,20.88200484,0.729292249,265.9655904,,,0.000133333,0.019,142.5003563,6,2,11457721667,2,Marina_gracillima_nayarit_234,,218,155,59,3916,352,92,260,173,211,275,173,94,19,0,75,42,0,34,42
Marina,gracillima,357,Jenkins 96-146,1996,21.073333,-104.266667,6569,11178,-1,-26.5,1.96,45.43,23.17857143,-7.8525,359.7525,78.04808176,19.15511043,0.652880992,234.8755692,,,0.000133333,0.019,142.5003563,6,2,11457721667,2,Marina_gracillima_nayarit_234,,218,155,59,3916,352,92,260,173,211,275,173,94,19,0,75,42,0,34,42
Marina,grammadenia,89,Mexia 1550,1927,21.0522,-103.427,2580,5269,-1.67,-30.17,2.24,25.71,11.47767857,-6.74,304.8,23.94843604,24.1588732,0.874286425,266.4825023,,,0.002,0.159,79.5,10,3,92538556841,2,Marina_grammadenia_112,,216,156,60,3970,350,90,260,170,210,274,170,97,19,0,68,42,0,36,42
Marina,grammadenia,380,Magallanes 3437,1981,20.38084,-104.822132,6581,6028,3.21,-27.28,4.33,44.5,10.27713626,-7.82,342.64,66.27509413,20.00575705,0.690520224,236.5998494,,,0.00095,0.118,124.2105263,10,3,92538556841,2,Marina_grammadenia_112,,216,156,60,3970,350,90,260,170,210,274,170,97,19,0,68,42,0,36,42
Marina,greenmaniana,375,Breedlove 60038,1983,17.267181,-96.529321,3845,5463,-2.36,-26.37,2.4,36.77,15.32083333,-7.61,344.6,73.68398263,19.26809979,0.657880522,226.7056278,,,0.005825,1.022,175.4506438,1,2,58582605780,2,Marina_greenmaniana_141,,216,156,60,3970,350,90,260,170,210,274,170,97,19,0,68,42,0,36,42
Marina,maritima,17,SEW 1565,2020,23.181052,-109.475742,6242,6697,-0.95,-26.7,3.51,49.06,13.97720798,-8.84,414.25,99.09529615,18.34994349,0.617254137,255.6975262,,,4.00E-04,0.0327,8.18E+01,11,3,56196350158,2,Marina_maritima_Cerritos_17,,216,156,60,3970,350,90,260,170,210,274,170,97,19,0,68,42,0,36,42
Marina,maritima,17,SEW 1565,2020,23.181052,-109.475742,6357,6720,-0.93,-26.7,3.07,42.59,13.87296417,-8.84,414.25,99.09529615,18.34994349,0.617254137,255.6975262,,,4.00E-04,0.0327,8.18E+01,11,3,56196350158,2,Marina_maritima_Cerritos_18,,216,156,60,3970,350,90,260,170,210,274,170,97,19,0,68,42,0,36,42
Marina,maritima,34,Rebman 28911,2014,24.07743,-110.05968,2605,5750,0.2,-28.06,1.94,45.49,23.44845361,-8.42,398.88,74.93330709,20.20700866,0.699425162,278.9867087,,,0.00114,0.0903224,79.23017544,11,3,56196350158,2,Marina_maritima_Cerritos_19,,241,166,57,5105,373,84,289,306,254,306,177,301,89,1,104,204,5,204,45
Marina,maritima,104,Rebman 25429,2013,24.09725,-110.06676,5613,9809,-1.07,-26.3,3.37,46.52,13.8041543,-8.27,393.4425,92.30016314,18.51699702,0.624645886,245.762239,,,0.0006,0.0516128,86.02133333,11,3,56196350158,2,Marina_maritima_Cerritos_20,,241,166,57,5105,373,84,289,306,254,306,177,301,89,1,104,204,5,204,45
Marina,maritima/cacachilas,312,SEW1743,2022,24.11493,-109.99932,2262,5978,0.46,-28.1,1.84,48.13,26.1576087,-9,423.14,85.98275485,19.6522276,0.674877327,285.5675922,,,NA,NA,NA,11,3,56196350158,2,Marina_maritima_Cerritos_20,,229,146,52,5062,366,88,278,297,236,297,167,107,25,0,93,60,1,60,31
Marina,maritima,104,Rebman 25429,2013,24.09725,-110.06676,6569,11178,-1,-26.5,3.34,49.65,14.86526946,-8.27,393.4425,90.02341406,18.72624551,0.633904668,249.4050375,,,0.0006,0.0516128,86.02133333,11,3,56196350158,2,Marina_maritima_Cerritos_21,,199,166,58,4209,340,55,285,244,190,249,144,724,225,4,112,509,22,422,90
Marina,maritima/fuzzy calyx,306,sew 1747,2022,23.5152,-109.69025,4032,6751,-0.2,-27.19,2.55,47.34,18.56470588,-9,423.14,97.14421719,18.69840976,0.632672998,267.7092525,,,0.000575,0.054,93.91304348,11,3,56196350158,2,Marina_maritima_Cerritos_21,,199,166,58,4209,340,55,285,244,190,249,144,724,225,4,112,509,22,422,90
Marina,maritima,105,Rebman 30821,2015,23.39425,-110.21374,3123,7740,6.08,-29.13,2.73,43.36,15.88278388,-8.51,401.43,63.95922431,21.23868283,0.745074462,299.0952411,,,0.0008,0.0516128,64.516,11,3,56196350158,2,Marina_maritima_Cerritos_22,,199,166,58,4209,340,55,285,244,190,249,144,724,225,4,112,509,22,422,90
Marina,maritima,105,Rebman 30821,2015,23.39425,-110.21374,3216,7881,6.1,-29.15,2.48,39.41,15.89112903,-8.51,401.43,63.72567074,21.25972086,0.746005348,299.4689268,,,0.0008,0.0516128,64.516,11,3,56196350158,2,Marina_maritima_Cerritos_23,,199,166,58,4209,340,55,285,244,190,249,144,724,225,4,112,509,22,422,90
Marina,maritima,211,SEW 1739,2022,24.11493,-109.99932,4690,7755,-1.15,-28.28,2.47,43.27,17.51821862,-9,423.14,83.77251657,19.84110649,0.683234801,289.1039735,,,0.0007,0.074,105.7142857,11,3,56196350158,2,Marina_maritima_Cerritos_24,,199,166,58,4209,340,55,285,244,190,249,144,724,225,4,112,509,22,422,90
Marina,maritima,20,sew 1560,2019,23.326389,-110.1725,7525,6918,0.81,-28.1,3.93,48.93,12.45038168,-8.75,414.06,81.19222264,19.90945571,0.686259102,284.1524438,,,0.00076,0.079356,104.41579,11,3,56196350158,2,Marina_maritima_Cerritos_25,,199,166,58,4209,340,55,285,244,190,249,144,724,225,4,112,509,22,422,90
Marina,maritima,20,sew 1560,2019,23.326389,-110.1725,7674,7029,0.87,-28,3.22,40.19,12.48136646,-8.75,414.06,82.39374044,19.80452675,0.681616228,282.2300153,,,0.00076,0.079356,104.41579,11,3,56196350158,2,Marina_maritima_Cerritos_26,,233,177,58,4416,386,81,305,278,230,285,174,738,202,4,108,499,21,443,103
Marina,minutiflora,362,Ripley 14905,1967,18.8614,-99.0964,2292,4687,-2.31,-28.09,1.89,39.76,21.03703704,-7.07,323.5,48.06411135,21.62751695,0.762279511,246.5974218,,,0.00021,0.039,185.7142857,7,1,1.17E+11,1,Marina_minutiflora_Morelos_119,,234,174,57,4396,385,83,302,279,229,285,175,677,192,3,111,470,17,405,91
Marina,minutiflora,95,Ripley 14649,1966,16.5728,-96.9153,1801,3433,-1.4,-28.7,2.54,47.41,18.66535433,-7.02,319.3,41.32002265,22.32060126,0.792946958,253.1879638,,,0.00025,0.016,64,7,1,1.17E+11,1,Marina_minutiflora_Morelos_119,,234,174,58,4392,382,82,300,280,227,285,175,668,188,2,113,470,18,402,86
Marina,neglecta,64,Sanders 11754,1991,19.08333,-103.76667,3218,8665,-1.03,-29.96,2.7,50.95,18.87037037,-8,356.49,43.00119493,22.63824172,0.807001846,287.6880881,,,0.00014,0.0580644,414.7457143,8,2,2.89E+11,1,Marina_neglecta_Colima_118,,235,151,51,5312,376,84,292,288,247,304,168,116,28,0,94,69,0,68,26
Marina,neglecta,64,Sanders 11754,1991,19.08333,-103.76667,3673,4363,-1.02,-27.92,3.18,39.43,12.39937107,-8,356.49,64.15892727,20.49214056,0.712041618,253.8357164,,,0.00014,0.0580644,414.7457143,8,2,2.89E+11,1,Marina_neglecta_Colima_118,,235,151,51,5312,376,84,292,288,247,304,168,116,28,0,94,69,0,68,26
Marina,nutans,81,Breedlove 58972,1983,22.65922,-103.84939,4186,12342,-2.14,-25.42,3.83,56.64,14.78851175,-7.585,340.588,81.94277097,18.30019085,0.615052693,209.4795664,,,0.0027,0.0516128,19.11585185,20,2,4.37E+11,2,Marina_nutans_131,,209,174,61,4097,361,79,282,268,210,268,161,93,16,0,71,39,1,39,38
Marina,nutans,86,D. E. Breedlove 18912,1970,21.316349,-104.53429,3502,7399,-1.94,-26.26,4.05,56.14,13.8617284,-7.01,327.14,65.41770855,19.76913755,0.680050334,222.4716663,,,0.0001,0.0516128,516.128,20,2,4.37E+11,2,Marina_nutans_131,,229,158,53,5117,374,81,293,296,241,296,164,96,28,0,99,60,0,60,23
Marina,nutans,113,Gentry 19633,1961,21.278333,-104.907778,2829,4135,-1.85,-26.6,2.01,30.72,15.28358209,-6.96,319.2,60.23222588,20.17670023,0.698084081,222.8284386,,,0.0004,0.0129032,32.258,20,2,4.37E+11,2,Marina_nutans_131,,229,158,53,5117,374,81,293,296,241,296,164,96,28,0,99,60,0,60,23
Marina,nutans,81,Breedlove 58972,1983,22.65922,-103.84939,4240,11910,-1.75,-27.41,3.75,48.98,13.06133333,-7.585,340.588,62.31820673,20.3837177,0.707244146,240.8788692,,,0.0027,0.0516128,19.11585185,20,2,4.37E+11,2,Marina_nutans_131,,230,178,56,4730,389,72,317,278,226,285,166,800,215,6,100,514,33,473,119
Marina,nutans,337,Feddema 2476,1963,22.2688,-103.642,4912,7099,-1.65,-29.61,3.09,50.89,16.46925566,-6.97,316.8,32.14586289,23.33082575,0.837647157,265.3666194,,,0.000276471,0.0580644,210.0198574,20,2,4.37E+11,2,Marina_nutans_131,,197,159,61,3594,337,80,257,155,196,249,155,106,17,0,71,49,2,22,49
Marina,nutans,335,Tenorio 9887,1985,25.931252,-105.957171,4830,5757,-1.65,-27.13,3.64,47.54,13.06043956,-7.33,341.33,62.7519164,20.35215394,0.705847519,240.9269338,,,0.000315385,0.069,218.780221,20,2,4.37E+11,2,Marina_nutans_131,,197,159,61,3594,337,80,257,155,196,249,155,106,17,0,71,49,2,22,49
Marina,nutans,16,Breedlove 58870,1983,23.495791,-105.839773,6508,6649,-1.64,-29.4,3.41,45.99,13.48680352,-7.585,340.588,42.61317085,22.47578817,0.799813636,272.4069266,,,3.00E-04,0.0471,1.57E+02,20,2,4.37E+11,2,Marina_nutans_131,,197,159,61,3594,337,80,257,155,196,249,155,106,17,0,71,49,2,22,49
Marina,nutans,16,Breedlove 58870,1983,23.495791,-105.839773,7509,7446,-1.61,-29.4,3.2,43.02,13.44375,-7.585,340.588,42.61317085,22.47578817,0.799813636,272.4069266,,,3.00E-04,0.0471,1.57E+02,20,2,4.37E+11,2,Marina_nutans_131,,186,154,61,3541,322,72,250,144,184,237,144,118,20,0,70,58,3,22,58
Marina,nutans,381,Moore 994,1968,29.4383333,-110.35,4672,5130,-1.18,-27.69,3.9,46.03,11.8025641,-7.07,323.5,51.8241619,21.20722815,0.743682661,240.581341,,,0.000433333,0.04,92.30776331,20,2,4.37E+11,2,Marina_nutans_131,,168,157,59,4067,308,45,263,225,171,225,120,228,41,1,66,101,6,101,85
Marina,oculata,398,Moran 9456,1962,24.32586,-109.93346,7232,8226,-1.35,-27.86,1.96,45.43,23.17857143,-6.99,316.8,48.46530717,21.4681013,0.755225721,239.2555085,,,0.0006,0.092,153.3333333,20,3,3.37E+10,2,Marina_oculata_40,,239,186,57,4972,401,75,326,292,234,298,173,752,215,6,107,503,28,464,99
Marina,orcuttii,384,Moran 23879,1976,27.5833333,-113.0333333,2301,3631,1.43,-25.34,1.92,30.8,16.04166667,-7.32,333.92,78.59957309,18.48849855,0.623384892,208.1606831,,,0.00048,0.022,45.83333333,12,2,1.06E+11,2,Marina_orcutti_orcutti_SanPedroMartir_42,,168,157,59,4067,308,45,263,225,171,225,120,228,41,1,66,101,6,101,85
Marina,orcuttii,46,Rebman 31726,2016,30.8121,-115.33164,4112,6271,-1.77,-27.67,1.95,39.55,20.28205128,-8.7,406.66,84.23533203,19.5098372,0.668576867,271.8834688,,,0.0003,0.0193548,64.516,12,2,1.06E+11,2,Marina_orcutti_orcutti_SanPedroMartir_43,,211,170,61,3980,358,82,276,267,212,267,163,125,23,0,69,56,2,56,44
Marina,orcuttii,399,Rebman 4351,1997,27.5781,-113.0217,6214,6437,-0.79,-28.04,3.86,45.3,11.7357513,-7.85,361.74,62.29951333,20.77245977,0.724445123,262.0607787,,,0.000513333,0.03,58.44159639,12,2,1.06E+11,2,Marina_orcutti_orcutti_SanPedroMartir_44,,211,170,61,3980,358,82,276,267,212,267,163,125,23,0,69,56,2,56,44
Marina,orcuttii,392,Rebman 6426,2000,30.113611,-114.355556,4983,5757,-0.3,-25.63,3.49,44.51,12.75358166,-8.34,373.75,95.66181686,17.7447992,0.590477841,220.691093,,,0.001244444,0.05,40.17858578,12,2,1.06E+11,2,Marina_orcutti_orcutti_SanPedroMartir_45,,210,169,61,4035,358,82,276,257,212,267,162,113,19,1,65,48,3,44,43
Marina,palmeri,389,Sanders 13349,1993,27.11667,-109.03333,4883,5197,2.16,-26.89,3.94,45.02,11.42639594,-8.08,360.28,76.42222572,19.32977772,0.660609634,238.0044389,,,0.0002625,0.032,121.9047619,11,2,76372083866,1,Marina_palmeri_25,,244,115,47,4945,357,117,240,307,258,307,181,221,69,2,109,155,6,155,35
Marina,parryi,390,Sanders 434355,2018,33.22242,-114.95132,3445,5425,-1.93,-26.21,2.68,45.5,16.97761194,-8.79,412.97,104.0548813,17.88886721,0.596852531,246.4821899,,,0.000275,0.016,58.18181818,11,2,6.46E+11,1,Marina_parryi_ChocolateMtns_139,,245,118,48,5052,361,116,245,309,259,309,181,196,61,1,108,138,4,138,32
Marina,parryi,199,sew 1734,2022,26.4213,-112.68653,4756,6242,-1.71,-27.01,3.03,42.6,14.05940594,-9,423.14,99.34950571,18.50995385,0.624334241,264.1807909,,,0.00055,0.038,69.09090909,11,2,6.46E+11,1,Marina_parryi_ChocolateMtns_139,,246,119,47,5072,364,115,249,310,260,310,182,190,58,1,109,132,4,132,32
Marina,parryi,198,sew 1730,2022,26.342296,-111.860716,4188,5164,-1.44,-27.72,3.59,44.38,12.36211699,-9,423.14,90.64612594,19.25371292,0.657243935,278.1061985,,,0.0006,0.043,71.66666667,11,2,6.46E+11,1,Marina_parryi_ChocolateMtns_139,,245,118,48,5052,361,116,245,309,259,309,181,196,61,1,108,138,4,138,32
Marina,parryi,218,sew 1758,2022,27.53,-114.57254,6559,5879,-0.45,-27.72,4.68,44.39,9.485042735,-9,423.14,90.64612594,19.25371292,0.657243935,278.1061985,,,0.001044444,0.105,100.5319577,11,2,6.46E+11,1,Marina_parryi_ChocolateMtns_139,,242,125,49,5105,362,108,254,306,257,306,177,198,58,1,104,136,4,136,35
Marina,parryi,2,sew 1613,2020,35.49292,-114.69199,5367,5832,-0.13,-29.4,2.75,37.82,13.75272727,-8.78,417.69,66.48165918,21.24459097,0.745335884,311.3193453,221,91,0.000416,0.023904,57.461538,11,2,6.46E+11,1,Marina_parryi_ChocolateMtns_139,,173,170,55,4658,323,19,304,223,165,229,112,806,235,7,109,547,37,512,102
Marina,parryi,2,sew 1613,2020,35.49292,-114.69199,6080,6478,-0.07,-29.3,3.07,42.36,13.7980456,-8.78,417.69,67.69692251,21.13938395,0.740680706,309.374924,221,91,0.000416,0.023904,57.461538,11,2,6.46E+11,1,Marina_parryi_ChocolateMtns_139,,185,167,55,4678,334,32,302,234,179,241,124,766,225,7,108,513,36,482,103
Marina,parryi,58,A. C. Sanders 9153,1989,27.96667,-111.11667,2668,6458,0,-26.67,3.34,49.34,14.77245509,-7.58,347.83,71.05619696,19.61308087,0.673145171,234.1400849,,,0.0015,0.0903224,60.21493333,11,2,6.46E+11,1,Marina_parryi_ChocolateMtns_139,,202,166,58,4426,350,68,282,148,207,263,148,120,24,0,63,52,2,39,52
Marina,parryi,60,Rebman 25013,2014,28.48329,-113.44,6779,10301,0.83,-30.1,3.53,43.76,12.39660057,-8.263,397.78,49.34086621,22.51469224,0.801535055,318.8346141,,,0.0017,0.2129028,125.2369412,11,2,6.46E+11,1,Marina_parryi_ChocolateMtns_139,,202,166,58,4426,350,68,282,148,207,263,148,120,24,0,63,52,2,39,52
Marina,parryi,198,sew 1730,2022,26.342296,-111.860716,4241,7145,1.44,-27.02,2.6,49.56,19.06153846,-9,423.14,99.22701109,18.5204218,0.624797425,264.3767823,,,0.0006,0.059,98.33333333,11,2,6.46E+11,1,Marina_parryi_ChocolateMtns_139,,202,166,58,4426,350,68,282,148,207,263,148,120,24,0,63,52,2,39,52
Marina,parryi,202,sew 1728,2022,26.76579,-111.88654,10527,8019,2.3,-27.11,4.93,45.39,9.206896552,-9,423.14,98.12444616,18.61464297,0.628966503,266.1408861,,,0.0008,0.046,57.5,11,2,6.46E+11,1,Marina_parryi_ChocolateMtns_139,,202,166,58,4426,350,68,282,148,207,263,148,120,24,0,63,52,2,39,52
Marina,parryi,25,sew 1568,2020,27.388333,-112.338611,8949,6856,-0.65,-29.5,4.34,45.53,10.49078341,-8.84,414.25,65.4368835,21.28799588,0.747256455,309.5509864,229,96,0.000572,0.063736,111.42657,11,2,6.46E+11,1,Marina_parryi_ChocolateMtns_139,,202,166,58,4426,350,68,282,148,207,263,148,120,24,0,63,52,2,39,52
Marina,parryi,25,sew 1568,2020,27.388333,-112.338611,9377,7137,-0.61,-29.4,4.35,45.86,10.54252874,-8.84,414.25,66.64231361,21.18277354,0.742600599,307.6222982,229,96,0.000572,0.063736,111.42657,11,2,6.46E+11,1,Marina_parryi_ChocolateMtns_139,,194,165,59,4380,341,62,279,140,198,254,140,140,27,0,64,61,3,45,61
Marina,parryi,27,sew 1610,2020,32.22305,-111.10221,4634,6325,1.86,-27.2,2.5,42.51,17.004,-8.48,414.25,88.85959151,19.24342105,0.656788542,272.0746536,191,374,0.000608,0.024772,40.743421,11,2,6.46E+11,1,Marina_parryi_ChocolateMtns_139,,194,165,59,4380,341,62,279,140,198,254,140,140,27,0,64,61,3,45,61
Marina,parryi,27,sew 1610,2020,32.22305,-111.10221,5907,7729,1.88,-27.1,2.53,44.52,17.59683794,-8.48,414.25,90.05976439,19.13865762,0.652152992,270.154377,191,374,0.000608,0.024772,40.743421,11,2,6.46E+11,1,Marina_parryi_ChocolateMtns_139,,194,165,59,4380,341,62,279,140,198,254,140,140,27,0,64,61,3,45,61
Marina,peninsularis,201,sew 1735,2022,26.4213,-112.68653,7548,7773,-1.41,-25.61,3.98,48.11,12.0879397,-9,423.14,116.4739369,17.04656246,0.55958241,236.7817009,,,0.000175,0.036,205.7142857,10,2,1.33E+11,2,Marina_peninsularis_BahiaMagdalena_43,,217,170,54,4916,370,60,310,269,209,275,153,724,193,5,98,462,32,418,117
Marina,peninsularis,204,sew 1725,2022,27.63959,-113.48845,6068,7742,-1.41,-28.27,3.46,52.27,15.10693642,-9,423.14,83.89532907,19.83061138,0.682770415,288.9074735,,,0.00065,0.091,140,10,2,1.33E+11,2,Marina_peninsularis_BahiaMagdalena_43,,217,170,54,4916,370,60,310,269,209,275,153,724,193,5,98,462,32,418,117
Marina,peninsularis,204,sew 1725,2022,27.63959,-113.48845,10436,8969,-1.28,-27.45,4.78,47.39,9.914225941,-9,423.14,93.9573593,18.97074701,0.644723319,272.8082251,,,0.00065,0.074,113.8461538,10,2,1.33E+11,2,Marina_peninsularis_BahiaMagdalena_43,,208,168,60,4157,357,77,280,163,234,267,158,115,21,0,78,55,2,9,54
Marina,peninsularis,331,De La Luz 510,2009,25.78818,-112.05096,3644,4827,-1.27,-28.48,3.09,42.32,13.69579288,-8.22,388.82,66.08736087,20.85391963,0.728049541,283.0802226,,,0.000805556,0.062,76.96547478,10,2,1.33E+11,2,Marina_peninsularis_BahiaMagdalena_43,,211,158,54,5184,355,66,289,278,225,278,145,173,37,1,75,88,4,88,54
Marina,peninsularis,217,sew 1754,2022,27.50943,-114.32548,5628,6859,-1.22,-26.17,3.51,47.74,13.6011396,-9,423.14,109.6300729,17.63141411,0.585460801,247.7318834,,,0.00035,0.038,108.5714286,10,2,1.33E+11,2,Marina_peninsularis_BahiaMagdalena_43,,184,166,58,4407,336,52,284,131,187,245,131,147,23,0,57,65,5,33,65
Marina,peninsularis,59,DeGroot 4863,2005,27.75056,-113.51556,3431,7092,-0.79,-25.37,3.66,48.25,13.18306011,-8.48,383.7,102.6137176,17.3296533,0.572108553,219.5180519,,,0.00056,0.0580644,103.6864286,10,2,1.33E+11,2,Marina_peninsularis_BahiaMagdalena_43,,184,166,58,4407,336,52,284,131,187,245,131,147,23,0,57,65,5,33,65
Marina,sonorae,344,Sanders 14323,1994,26.70333,-109.51667,4652,5887,-1.47,-26.27,3.35,46.82,13.9761194,-8.17,363.05,84.45415449,18.58831504,0.62780155,227.9233528,,,0.00032,0.016,50,7,2,1.33E+11,2,Marina_peninsularis_BahiaMagdalena_43,,195,175,51,5816,365,25,340,258,191,266,119,622,167,6,90,364,36,338,121
Marina,sonorae,344,Sanders 14323,1994,26.70333,-109.51667,5125,6418,-1.13,-26.27,3.28,46.32,14.12195122,-8.17,363.05,84.45415449,18.58831504,0.62780155,227.9233528,,,0.00032,0.016,50,7,2,1.33E+11,2,Marina_peninsularis_BahiaMagdalena_43,,195,175,51,5816,365,25,340,258,191,266,119,622,167,6,90,364,36,338,121
Marina,procumbens,156,Lavin 5048,1984,21.883066,-102.580922,4738,7376,-2.41,-27.59,2.29,42.04,18.3580786,-7.51,340.41,59.78143787,20.64972594,0.719014422,244.7596994,,,0.0008,0.0580644,72.5805,10,2,1.16E+11,2,Marina_procumbens_Oaxaca_120,,212,129,40,6900,362,41,321,254,126,295,119,446,70,13,51,166,44,126,50
Marina,procumbens,171,Laughlin 1640,1966,16.3384,-92.5703,3948,6150,-1.33,-28.16,2.67,45.14,16.90636704,-7.02,319.3,46.33601192,21.75255186,0.767812029,245.1623809,,,0.00025,0.032258,129.032,10,2,1.16E+11,2,Marina_procumbens_Oaxaca_120,,202,178,51,5994,375,27,348,266,197,274,123,600,161,6,89,353,35,323,116
Marina,pueblensis,372,Lavin 5158,1984,17.949908,-99.582687,3089,5016,0.9,-28,2.57,43.15,16.78988327,-7.65,343.58,57.61602867,20.93621399,0.731690885,251.3943541,,,0.001916667,0.227,118.434762,5,1,5.83E+10,1,Marina_pueblensis_Puebla_121,,229,178,53,6054,392,60,332,304,215,305,155,463,140,4,109,313,20,269,71
Marina,scopa,83,Mendez 8610,1985,NA,NA,4152,5490,-2.64,-29.92,3.24,46.39,14.31790123,-7.74,347.04,39.69372036,22.86409368,0.816995296,283.5300474,,,0.00014,0.0193548,138.2485714,20,1,4.05E+11,1,Marina_scopa_26,,219,168,53,5702,376,60,316,289,205,290,148,463,136,3,104,299,18,260,83
Marina,scopa,71,Cuevas 1142,1986,29.6188,-110.555,4062,7056,-1.37,-28.6,4.32,48.63,11.25694444,-7.63,349.68,52.34176155,21.58739963,0.760504408,265.9331815,,,0.00052,0.0193548,37.22076923,20,1,4.05E+11,1,Marina_scopa_26,,219,168,53,5702,376,60,316,289,205,290,148,463,136,3,104,299,18,260,83
Marina,scopa,67,D. E. Breedlove 59839,1983,20.161611,-97.897061,4344,11077,-1.16,-29.28,2.4,53.49,22.2875,-7.61,344.6,44.56512755,22.32363606,0.793081242,273.2957959,,,0.002,0.1548384,77.4192,20,1,4.05E+11,1,Marina_scopa_26,,202,173,58,4595,361,63,298,147,205,267,147,74,14,0,65,34,1,20,34
Marina,scopa,50,Steinmann/Ramirez-Amezcua 6932,2009,19.041667,-102.048056,4837,5346,-1.11,-28.09,3.9,45.43,11.64871795,-8.43,389.85,73.00835629,20.22821043,0.700363293,273.0366299,,,0.0008,0.096774,120.9675,20,1,4.05E+11,1,Marina_scopa_26,,115,137,52,4591,262,2,260,65,114,181,65,493,93,1,74,250,13,105,250
Marina,scopa,50,Steinmann/Ramirez-Amezcua 6932,2009,19.041667,-102.048056,5424,6151,-1.06,-28.7,2.45,36.57,14.92653061,-8.43,389.85,66.10050641,20.86893854,0.728714095,284.0891897,,,0.0008,0.096774,120.9675,20,1,4.05E+11,1,Marina_scopa_26,,151,180,49,6492,335,-26,361,223,191,232,69,384,91,5,75,211,29,182,75
Marina,scopa,71,Cuevas 1142,1986,29.6188,-110.555,3644,6669,-1,-28.47,4.11,46.58,11.33333333,-7.63,349.68,53.66368113,21.45070147,0.754455817,263.8181102,,,0.00052,0.0193548,37.22076923,20,1,4.05E+11,1,Marina_scopa_26,,156,160,49,6234,324,-1,325,231,183,237,79,522,122,6,78,281,30,238,119
Marina,scopa,355,Steinmann 93-433,1993,26.979167,-108.983333,2726,5014,0.49,-27.77,2.34,44.29,18.92735043,-7.85,359.59,64.74828709,20.48897895,0.711901723,255.9927407,,,0.00034,0.038,111.7647059,20,1,4.05E+11,1,Marina_scopa_26,,156,160,49,6234,324,-1,325,231,183,237,79,522,122,6,78,281,30,238,119
Marina,scopa,333,Van Devender 94-160,1994,27.010971,-108.79149,5338,6254,3.61,-27.21,3.29,42.67,12.96960486,-7.76,356.005,68.97559692,19.99403777,0.690001671,245.6440449,,,0.000377778,0.033,87.35288979,20,1,4.05E+11,1,Marina_scopa_26,,140,153,48,6108,307,-11,318,212,170,220,64,588,132,8,73,307,37,261,134
Marina,spiciformis,374,Martinez 4831,1983,18.403162,-100.053147,4802,7033,-1.41,-27.3,2.3,38.12,16.57391304,-7.585,340.588,63.40507825,20.26832528,0.702138287,239.1398748,,,0.0022,0.331,150.4545455,1,1,9.32E+10,1,Marina_spiciformis_chiapas_231,,140,153,48,6108,307,-11,318,212,170,220,64,588,132,8,73,307,37,261,134
Marina,spiciformis,373,Iltis 3022,1980,18.3281,-99.7705,5936,7019,-1.2,-28.33,3.2,43.3,13.53125,-7.58,337.89,52.74871456,21.35498678,0.750220654,253.4920567,,,0.00046,0.046,100,1,1,9.32E+10,1,Marina_spiciformis_chiapas_231,,171,164,48,6520,345,6,339,247,204,254,89,342,92,4,96,211,23,188,57
Marina,stilligera,376,Vazquez 1447,1991,19.4417,-103.68,3686,5022,-1.68,-27.88,2.86,41.13,14.38111888,-8,353.95,64.11281364,20.45015019,0.710183637,251.3694982,,,0.000885714,0.049,55.32259849,8,1,46499019392,1,Marina_stillingera_124,,171,164,48,6520,345,6,339,247,204,254,89,342,92,4,96,211,23,188,57
Marina,stilligera,376,Vazquez 1447,1991,19.4417,-103.68,6728,7845,-1.53,-27.91,3.36,46.23,13.75892857,-8,353.95,63.80455159,20.48164265,0.711577108,251.8627175,,,0.000885714,0.049,55.32259849,8,1,46499019392,1,Marina_stillingera_124,,116,131,45,5880,269,-18,287,185,143,193,44,693,140,11,67,337,49,287,172
Marina,vetula,358,Felger 95-272,1995,28.042222,-111.211139,4815,6291,-1.43,-27.17,2.34,34.14,14.58974359,-8.17,363.13,75.00956586,19.5306477,0.669497686,243.1146946,,,0.00055,0.038,69.09090909,22,1,1.55E+11,1,Marina_vetula_AguaVerde_15,,116,131,45,5880,269,-18,287,185,143,193,44,693,140,11,67,337,49,287,172
Marina,vetula,51,Rebman 25073,2000,28.47469,-113.39987,16618,11936,-1.4,-25.5,7.46,104.2,13.96782842,-8.263,397.78,102.4366538,17.68804515,0.5879666,233.881354,,,0.0027,0.2967736,109.9161481,22,1,1.55E+11,1,Marina_vetula_AguaVerde_15,,191,159,47,6907,363,25,338,275,223,281,106,374,71,5,63,179,24,147,92
Marina,vetula,51,Rebman 25073,2000,28.47469,-113.39987,4460,6143,-1.01,-28.59,3,43.9,14.63333333,-8.263,397.78,66.82557712,20.92525298,0.731205884,290.8590766,,,0.0027,0.2967736,109.9161481,22,1,1.55E+11,1,Marina_vetula_AguaVerde_15,,191,159,47,6907,363,25,338,275,223,281,106,374,71,5,63,179,24,147,92
Marina,vetula,,SEW 1731,2022,26.34622,-111.78402,5790,7028,-0.82,-27.92,3.35,43.18,12.88955224,-9,423.14,88.19217459,19.46341865,0.666522949,282.0325207,,,0.000025,0.008,320,22,1,1.55E+11,1,Marina_vetula_AguaVerde_15,,144,141,45,6465,308,-3,311,221,175,229,65,558,101,8,60,254,39,214,145
Marina,vetula,18,Rebman 31020,2015,24.9488,-110.97169,3811,6839,-0.77,-29.2,1.58,34.48,21.82278481,-8.318,397.728,60.38409924,21.51009477,0.757083839,301.1134412,213,239,0.000408,0.029068,71.245098,22,1,1.55E+11,1,Marina_vetula_AguaVerde_15,,144,141,45,6465,308,-3,311,221,175,229,65,558,101,8,60,254,39,214,145
Marina,vetula,18,Rebman 31020,2015,24.9488,-110.97169,3759,6739,-0.7,-29.3,1.84,40.54,22.0326087,-8.318,397.728,59.22661422,21.61532914,0.761740228,302.9654172,213,239,0.000408,0.029068,71.245098,22,1,1.55E+11,1,Marina_vetula_AguaVerde_15,,150,141,45,6514,314,1,313,227,181,235,70,549,98,8,60,247,38,207,144
Marina,vetula,29,SEW(1558),2019,25.573611,-111.181667,8511,7071,0.19,-29.7,3.53,40.11,11.36260623,-8.75,414.06,61.9342562,21.59126043,0.76067524,314.9651901,220,223,0.00022,0.019582,89.009091,22,1,1.55E+11,1,Marina_vetula_AguaVerde_15,,150,141,45,6514,314,1,313,227,181,235,70,549,98,8,60,247,38,207,144
Marina,vetula,29,SEW(1558,2019,25.573611,-111.181667,8492,7061,0.21,-29.7,3.57,40.84,11.43977591,-8.75,414.06,61.9342562,21.59126043,0.76067524,314.9651901,220,223,0.00022,0.019582,89.009091,22,1,1.55E+11,1,Marina_vetula_AguaVerde_15,,218,159,43,7675,410,45,365,316,248,318,123,88,17,0,56,35,4,26,28
Marina,vetula,350,Wilder 06-380,2006,28.98905,-112.31361,4500,4718,1.96,-27,3.85,43.33,11.25454545,-8.28,383.27,82.25608492,19.23946557,0.656613521,251.6602641,,,0.00055,NA,NA,22,1,1.55E+11,1,Marina_vetula_AguaVerde_15,,172,161,43,7501,377,4,373,95,245,271,81,142,22,1,53,62,13,20,60
Marina,vetula,24,Rebman (25073),2012,28.47469,-113.39987,9245,7948,3.26,-27.6,3.35,40.7,12.14925373,-8.263,391.518,77.02759948,19.88584944,0.685214577,268.2738408,202,120,0.00072,0.062828,87.261111,22,1,1.55E+11,1,Marina_vetula_AguaVerde_15,,221,142,37,8644,421,42,379,133,261,333,113,91,12,1,42,32,8,21,30
Marina,vetula,24,Rebman (25073),2012,28.47469,-113.39987,7911,6974,3.3,-27.22,4.31,44.12,10.23665893,-8.263,397.78,82.64222339,19.48744834,0.66758621,265.5524426,202,120,0.00072,0.062828,87.261111,22,1,1.55E+11,1,Marina_vetula_AguaVerde_15,,221,142,37,8644,421,42,379,133,261,333,113,91,12,1,42,32,8,21,30
Marina,vetula,63,Sanders 2623,1983,27.96667,-111.06667,7226,6567,3.32,-27.19,4.25,44.48,10.46588235,-7.88,345.84,68.386477,19.84971372,0.683615651,236.4216368,,,0.0013,0.0193548,14.88830769,22,1,1.55E+11,1,Marina_vetula_AguaVerde_15,,186,162,40,8212,397,1,396,102,221,293,83,86,15,2,52,38,8,15,38
Marina,vetula,24,Rebman (25073),2012,28.47469,-113.39987,12535,9918,3.34,-27.5,3.38,41.08,12.15384615,-8.263,391.518,78.16309459,19.78097686,0.680574198,266.4570487,202,120,0.00072,0.062828,87.261111,22,1,1.55E+11,1,Marina_vetula_AguaVerde_15,,71,167,37,9566,310,-140,450,120,-53,195,-53,355,64,11,55,163,41,115,41
Dalea,bicolor,320,SEW1717,2022,28.674305,-114.236211,5403,7018,-0.71,-27.2,3.16,47.04,14.88607595,-9,423.14,97.02167723,18.70888158,0.633136353,267.9053164,,,0.000965517,0.057,59.03572904,10,3,8.50E+11,2,NA,,71,167,37,9566,310,-140,450,120,-53,195,-53,355,64,11,55,163,41,115,41
Dalea,bicolor,5,Breedlove59349,1983,22.047756,-100.55782,6815,6704,-0.67,-26.5,3.4,44.02,12.94705882,-7.585,340.588,71.30220949,19.42989214,0.665039475,226.5044648,,,0.001092,0.11354816,103.98183,10,3,8.50E+11,2,NA,,53,152,39,7955,267,-120,387,87,-44,160,-44,510,80,22,39,200,74,151,74
Dalea,bicolor,5,Breedlove59349,1983,22.047756,-100.55782,6954,6801,-0.66,-26.5,3.24,42.15,13.00925926,-7.585,340.588,71.30220949,19.42989214,0.665039475,226.5044648,,,0.001092,0.11354816,103.98183,10,3,8.50E+11,2,NA,,53,152,39,7955,267,-120,387,87,-44,160,-44,510,80,22,39,200,74,151,74
Dalea,enennandra,4,SJ Harvey s.n,1982,46.259412,-106.802385,5305,7027,-1.99,-26.8,2.35,40.55,17.25531915,-7.508,338.578,67.19815,19.82326346,0.682445286,231.06096,,,0.00104,0.317934848,305.70658,11,2,6.06E+11,2,NA,,40,144,38,7758,250,-125,375,74,-56,142,-56,635,87,33,29,227,116,174,116
Dalea,enennandra,4,SJ Harvey s.n,1982,46.259412,-106.802385,14772,10474,-0.88,-26.5,2.42,41.62,17.19834711,-7.508,338.578,70.14081299,19.50898819,0.6685393,226.3526992,,,0.00104,0.317934848,305.70658,11,2,6.06E+11,2,NA,,40,144,38,7758,250,-125,375,74,-56,142,-56,635,87,33,29,227,116,174,116
Dalea,formosa,9,J Rumely s.n,1988,31.613169,-110.049927,5153,7416,1.69,-26.2,2.46,45.77,18.60569106,-7.73,350.238,77.80655664,18.96693366,0.644554587,225.7475094,,,0.000372,0.0107,28.763441,6,3,8.62E+11,1,NA,,68,150,37,8314,286,-110,396,107,-35,179,-35,395,73,12,56,176,41,134,41
Dalea,formosa,9,J Rumely s.n,1988,31.613169,-110.049927,5436,7873,1.74,-26.2,2.35,44.3,18.85106383,-7.73,350.238,77.80655664,18.96693366,0.644554587,225.7475094,,,0.000372,0.0107,28.763441,6,3,8.62E+11,1,NA,,68,150,37,8314,286,-110,396,107,-35,179,-35,395,73,12,56,176,41,134,41
Psorothamnus,arborescens,42,SEW1619,2021,34.80684,-116.8432,6610,8487,1.21,-24.43,2.4,47.7,19.875,-8.89,418.74,128.2026576,15.92914911,0.510139341,213.6157478,,,0.00769,0.032258,4.19479844,7,3,NA,1,Psorothamnus_arborescens_minutifolius_2,,75,149,31,10712,317,-150,467,133,-66,213,-66,334,66,9,63,158,33,127,33
Psorothamnus,arborescens,41,SEW1618,2021,35.54901,-117.26218,3996,6008,3.56,-24.48,2.73,43.71,16.01098901,-8.93,420.92,128.741263,15.9402165,0.510629049,214.9339792,,,0.00341,0.0516128,15.13571848,7,3,NA,1,Psorothamnus_arborescens_minutifolius_2,,75,149,31,10712,317,-150,467,133,-66,213,-66,334,66,9,63,158,33,127,33
Psorothamnus,emoryi,196,sew 1716,2022,29.21108,-114.14712,7817,8186,13.9,-26.8,3.88,45.43,11.70876289,-9,423.14,101.9213113,18.29017674,0.61460959,260.065902,,,0.0057,0.158,27.71929825,4,3,NA,2,Psorothamnus_polydenius_3,,77,163,34,10166,321,-145,466,133,-57,208,-57,323,59,9,62,151,33,115,33
Psorothamnus,emoryi,219,sew 1738,2022,26.40206,-112.72632,6523,7361,-1.16,-25.01,3.45,44.88,13.00869565,-9,423.14,123.7979243,16.42068124,0.53188855,225.0633212,,,0.0012,0.095,79.16666667,4,3,NA,2,Psorothamnus_polydenius_4,,77,163,34,10166,321,-145,466,133,-57,208,-57,323,59,9,62,151,33,115,33
Psorothamnus,emoryi,310,sew 1753,2022,27.50943,-114.32548,7360,7961,0.32,-26.38,3.52,44.87,12.74715909,-9,423.14,107.0615941,17.85090692,0.595172873,251.8414494,,,0.00332,0.475,143.0722892,4,3,NA,2,Psorothamnus_polydenius_5,,61,158,33,10687,305,-168,473,171,-64,197,-81,315,59,8,65,157,30,131,30
Psorothamnus,emoryi,219,SEW 1738,2022,26.40206,-112.72632,3637,7010,-1.27,-28.3,2.2,44.48,20.21818182,-9,423.14,83.52688399,19.86209736,0.6841636,289.4969856,,,0.0012,0.095,79.16666667,4,3,NA,2,Psorothamnus_polydenius_6,,61,158,33,10687,305,-168,473,171,-64,197,-81,315,59,8,65,157,30,131,30
Psorothamnus,emoryi,302,sew 1726,2022,27.33612,-113.15823,8796,7722,4.65,-26.88,4.52,46.78,10.34955752,-9,423.14,100.9417067,18.37389017,0.618313724,261.6332693,,,0.0044,0.209,47.5,4,3,NA,2,Psorothamnus_polydenius_7,,NA,NA,NA,NA,NA,NA,NA,NA,NA,NA,NA,NA,NA,NA,NA,NA,NA,NA,NA